sample_name,cycle,fluorescence,sample_type,primer_set,temperature,mastermix,well,column,row,normalization,experiment,subtitle,plate,plate_title,sample_ID,short_name,plot_cycle,data_class,sample_ID_ton,sample_name_old,short_name_old,temp_num,plate_well,sample_richness,sample_counts,sample_type_richness,sample_type_counts,contaminants,reads_with_contaminants,input,filtered,percentage.of.input.passed.filter,denoised,non.chimeric,percentage.of.input.non.chimeric,fastq_reads,trimmed_reads,filtered_reads,denoised_reads,chimeric_reads,contaminant_table_reads,contaminant_reads,usable_reads,p_fastq_reads,p_trimmed_reads,p_filtered_reads,p_denoised_reads,p_chimeric_reads,p_contaminant_reads,p_contaminant_table_reads,p_usable_reads
doubleton_G4_Feces_Fixed_24_A2,24,266,Feces,Standard,47°C,QB,A2,2,A,fixed cycles,G4,Feces_Fixed_24,1,plate_1: 24 cycles Feces,G4_1_A2,doubleton_QB_Standard_fixed cycles_Feces_47°C,cycle_24,doubleton,D_G4_1_A2,G4_Feces_Fixed_24_A2,QB_Standard_fixed cycles_Feces_47°C,47C,1A2,1971,45369,3980,1519967,removed,45411,102618,80190,78.14,48037,45502,44.34,105300,2682,22428,32153,2535,42,133,45369,100,2.55,21.3,30.53,2.41,0.13,0.04,43.09
doubleton_G4_Feces_Fixed_24_A3,24,462,Feces,Standard,52°C,QB,A3,3,A,fixed cycles,G4,Feces_Fixed_24,1,plate_1: 24 cycles Feces,G4_1_A3,doubleton_QB_Standard_fixed cycles_Feces_52°C,cycle_24,doubleton,D_G4_1_A3,G4_Feces_Fixed_24_A3,QB_Standard_fixed cycles_Feces_52°C,52C,1A3,1917,47027,3980,1519967,removed,47063,106473,90502,85,50737,47134,44.27,106888,415,15971,39765,3603,36,107,47027,100,0.39,14.94,37.2,3.37,0.1,0.03,44
doubleton_G4_Feces_Fixed_24_A4,24,496,Feces,Standard,57°C,QB,A4,4,A,fixed cycles,G4,Feces_Fixed_24,1,plate_1: 24 cycles Feces,G4_1_A4,doubleton_QB_Standard_fixed cycles_Feces_57°C,cycle_24,doubleton,D_G4_1_A4,G4_Feces_Fixed_24_A4,QB_Standard_fixed cycles_Feces_57°C,57C,1A4,1733,37745,3980,1519967,removed,37781,91178,78386,85.97,41233,37803,41.46,91285,107,12792,37153,3430,36,58,37745,100,0.12,14.01,40.7,3.76,0.06,0.04,41.35
doubleton_G4_Feces_Fixed_24_B2,24,526,Feces,Standard,47°C,QB,B2,2,B,fixed cycles,G4,Feces_Fixed_24,1,plate_1: 24 cycles Feces,G4_1_B2,doubleton_QB_Standard_fixed cycles_Feces_47°C,cycle_24,doubleton,D_G4_1_B2,G4_Feces_Fixed_24_B2,QB_Standard_fixed cycles_Feces_47°C,47C,1B2,1989,44862,3980,1519967,removed,44895,101665,79540,78.24,47576,44997,44.26,104783,3118,22125,31964,2579,33,135,44862,100,2.98,21.12,30.5,2.46,0.13,0.03,42.81
doubleton_G4_Feces_Fixed_24_B3,24,496,Feces,Standard,52°C,QB,B3,3,B,fixed cycles,G4,Feces_Fixed_24,1,plate_1: 24 cycles Feces,G4_1_B3,doubleton_QB_Standard_fixed cycles_Feces_52°C,cycle_24,doubleton,D_G4_1_B3,G4_Feces_Fixed_24_B3,QB_Standard_fixed cycles_Feces_52°C,52C,1B3,1998,52088,3980,1519967,removed,52128,116240,98922,85.1,56200,52181,44.89,116745,505,17318,42722,4019,40,93,52088,100,0.43,14.83,36.59,3.44,0.08,0.03,44.62
doubleton_G4_Feces_Fixed_24_B4,24,581,Feces,Standard,57°C,QB,B4,4,B,fixed cycles,G4,Feces_Fixed_24,1,plate_1: 24 cycles Feces,G4_1_B4,doubleton_QB_Standard_fixed cycles_Feces_57°C,cycle_24,doubleton,D_G4_1_B4,G4_Feces_Fixed_24_B4,QB_Standard_fixed cycles_Feces_57°C,57C,1B4,1857,41388,3980,1519967,removed,41417,89617,77041,85.97,44078,41449,46.25,89680,63,12576,32963,2629,29,61,41388,100,0.07,14.02,36.76,2.93,0.07,0.03,46.15
doubleton_G4_Feces_Fixed_24_C2,24,477,Feces,Standard,47°C,QB,C2,2,C,fixed cycles,G4,Feces_Fixed_24,1,plate_1: 24 cycles Feces,G4_1_C2,doubleton_QB_Standard_fixed cycles_Feces_47°C,cycle_24,doubleton,D_G4_1_C2,G4_Feces_Fixed_24_C2,QB_Standard_fixed cycles_Feces_47°C,47C,1C2,2071,48828,3980,1519967,removed,48876,105124,83506,79.44,51721,48987,46.6,108013,2889,21618,31785,2734,48,159,48828,100,2.67,20.01,29.43,2.53,0.15,0.04,45.21
doubleton_G4_Feces_Fixed_24_C3,24,499,Feces,Standard,52°C,QB,C3,3,C,fixed cycles,G4,Feces_Fixed_24,1,plate_1: 24 cycles Feces,G4_1_C3,doubleton_QB_Standard_fixed cycles_Feces_52°C,cycle_24,doubleton,D_G4_1_C3,G4_Feces_Fixed_24_C3,QB_Standard_fixed cycles_Feces_52°C,52C,1C3,1976,48536,3980,1519967,removed,48577,108893,92808,85.23,52556,48628,44.66,109385,492,16085,40252,3928,41,92,48536,100,0.45,14.7,36.8,3.59,0.08,0.04,44.37
doubleton_G4_Feces_Fixed_24_C4,24,545,Feces,Standard,57°C,QB,C4,4,C,fixed cycles,G4,Feces_Fixed_24,1,plate_1: 24 cycles Feces,G4_1_C4,doubleton_QB_Standard_fixed cycles_Feces_57°C,cycle_24,doubleton,D_G4_1_C4,G4_Feces_Fixed_24_C4,QB_Standard_fixed cycles_Feces_57°C,57C,1C4,1843,41725,3980,1519967,removed,41761,90962,78254,86.03,44641,41826,45.98,91053,91,12708,33613,2815,36,101,41725,100,0.1,13.96,36.92,3.09,0.11,0.04,45.82
doubleton_G4_Feces_Fixed_24_D2,24,427,Feces,Standard,47°C,QB,D2,2,D,fixed cycles,G4,Feces_Fixed_24,1,plate_1: 24 cycles Feces,G4_1_D2,doubleton_QB_Standard_fixed cycles_Feces_47°C,cycle_24,doubleton,D_G4_1_D2,G4_Feces_Fixed_24_D2,QB_Standard_fixed cycles_Feces_47°C,47C,1D2,1811,33699,3980,1519967,removed,33726,77570,61266,78.98,35540,33780,43.55,79920,2350,16304,25726,1760,27,81,33699,100,2.94,20.4,32.19,2.2,0.1,0.03,42.17
doubleton_G4_Feces_Fixed_24_D3,24,510,Feces,Standard,52°C,QB,D3,3,D,fixed cycles,G4,Feces_Fixed_24,1,plate_1: 24 cycles Feces,G4_1_D3,doubleton_QB_Standard_fixed cycles_Feces_52°C,cycle_24,doubleton,D_G4_1_D3,G4_Feces_Fixed_24_D3,QB_Standard_fixed cycles_Feces_52°C,52C,1D3,2006,53108,3980,1519967,removed,53145,119023,101111,84.95,57286,53198,44.7,119571,548,17912,43825,4088,37,90,53108,100,0.46,14.98,36.65,3.42,0.08,0.03,44.42
doubleton_G4_Feces_Fixed_24_D4,24,469,Feces,Standard,57°C,QB,D4,4,D,fixed cycles,G4,Feces_Fixed_24,1,plate_1: 24 cycles Feces,G4_1_D4,doubleton_QB_Standard_fixed cycles_Feces_57°C,cycle_24,doubleton,D_G4_1_D4,G4_Feces_Fixed_24_D4,QB_Standard_fixed cycles_Feces_57°C,57C,1D4,1730,35874,3980,1519967,removed,35910,82809,70851,85.56,38377,35938,43.4,82929,120,11958,32474,2439,36,64,35874,100,0.14,14.42,39.16,2.94,0.08,0.04,43.26
doubleton_G4_Feces_Fixed_24_E2,24,167,NTC,Standard,47°C,QB,E2,2,E,fixed cycles,G4,Feces_Fixed_24,1,plate_1: 24 cycles Feces,G4_1_E2,doubleton_QB_Standard_fixed cycles_NTC_47°C,cycle_24,doubleton,D_G4_1_E2,G4_Feces_Fixed_24_E2,QB_Standard_fixed cycles_NTC_47°C,47C,1E2,NA,NA,NA,NA,NA,NA,NA,NA,NA,NA,NA,NA,NA,NA,NA,NA,NA,NA,NA,NA,NA,NA,NA,NA,NA,NA,NA,NA
doubleton_G4_Feces_Fixed_24_E3,24,194,NTC,Standard,52°C,QB,E3,3,E,fixed cycles,G4,Feces_Fixed_24,1,plate_1: 24 cycles Feces,G4_1_E3,doubleton_QB_Standard_fixed cycles_NTC_52°C,cycle_24,doubleton,D_G4_1_E3,G4_Feces_Fixed_24_E3,QB_Standard_fixed cycles_NTC_52°C,52C,1E3,NA,NA,NA,NA,NA,NA,NA,NA,NA,NA,NA,NA,NA,NA,NA,NA,NA,NA,NA,NA,NA,NA,NA,NA,NA,NA,NA,NA
doubleton_G4_Feces_Fixed_24_E4,24,192,NTC,Standard,57°C,QB,E4,4,E,fixed cycles,G4,Feces_Fixed_24,1,plate_1: 24 cycles Feces,G4_1_E4,doubleton_QB_Standard_fixed cycles_NTC_57°C,cycle_24,doubleton,D_G4_1_E4,G4_Feces_Fixed_24_E4,QB_Standard_fixed cycles_NTC_57°C,57C,1E4,NA,NA,NA,NA,NA,NA,NA,NA,NA,NA,NA,NA,NA,NA,NA,NA,NA,NA,NA,NA,NA,NA,NA,NA,NA,NA,NA,NA
doubleton_G4_Feces_Fixed_24_F2,24,180,NTC,Standard,47°C,QB,F2,2,F,fixed cycles,G4,Feces_Fixed_24,1,plate_1: 24 cycles Feces,G4_1_F2,doubleton_QB_Standard_fixed cycles_NTC_47°C,cycle_24,doubleton,D_G4_1_F2,G4_Feces_Fixed_24_F2,QB_Standard_fixed cycles_NTC_47°C,47C,1F2,NA,NA,NA,NA,NA,NA,NA,NA,NA,NA,NA,NA,NA,NA,NA,NA,NA,NA,NA,NA,NA,NA,NA,NA,NA,NA,NA,NA
doubleton_G4_Feces_Fixed_24_F3,24,159,NTC,Standard,52°C,QB,F3,3,F,fixed cycles,G4,Feces_Fixed_24,1,plate_1: 24 cycles Feces,G4_1_F3,doubleton_QB_Standard_fixed cycles_NTC_52°C,cycle_24,doubleton,D_G4_1_F3,G4_Feces_Fixed_24_F3,QB_Standard_fixed cycles_NTC_52°C,52C,1F3,NA,NA,NA,NA,NA,NA,NA,NA,NA,NA,NA,NA,NA,NA,NA,NA,NA,NA,NA,NA,NA,NA,NA,NA,NA,NA,NA,NA
doubleton_G4_Feces_Fixed_24_F4,24,193,NTC,Standard,57°C,QB,F4,4,F,fixed cycles,G4,Feces_Fixed_24,1,plate_1: 24 cycles Feces,G4_1_F4,doubleton_QB_Standard_fixed cycles_NTC_57°C,cycle_24,doubleton,D_G4_1_F4,G4_Feces_Fixed_24_F4,QB_Standard_fixed cycles_NTC_57°C,57C,1F4,NA,NA,NA,NA,NA,NA,NA,NA,NA,NA,NA,NA,NA,NA,NA,NA,NA,NA,NA,NA,NA,NA,NA,NA,NA,NA,NA,NA
doubleton_G4_Feces_Fixed_24_G2,24,186,NTC,Standard,47°C,QB,G2,2,G,fixed cycles,G4,Feces_Fixed_24,1,plate_1: 24 cycles Feces,G4_1_G2,doubleton_QB_Standard_fixed cycles_NTC_47°C,cycle_24,doubleton,D_G4_1_G2,G4_Feces_Fixed_24_G2,QB_Standard_fixed cycles_NTC_47°C,47C,1G2,NA,NA,NA,NA,NA,NA,NA,NA,NA,NA,NA,NA,NA,NA,NA,NA,NA,NA,NA,NA,NA,NA,NA,NA,NA,NA,NA,NA
doubleton_G4_Feces_Fixed_24_G3,24,191,NTC,Standard,52°C,QB,G3,3,G,fixed cycles,G4,Feces_Fixed_24,1,plate_1: 24 cycles Feces,G4_1_G3,doubleton_QB_Standard_fixed cycles_NTC_52°C,cycle_24,doubleton,D_G4_1_G3,G4_Feces_Fixed_24_G3,QB_Standard_fixed cycles_NTC_52°C,52C,1G3,NA,NA,NA,NA,NA,NA,NA,NA,NA,NA,NA,NA,NA,NA,NA,NA,NA,NA,NA,NA,NA,NA,NA,NA,NA,NA,NA,NA
doubleton_G4_Feces_Fixed_24_G4,24,175,NTC,Standard,57°C,QB,G4,4,G,fixed cycles,G4,Feces_Fixed_24,1,plate_1: 24 cycles Feces,G4_1_G4,doubleton_QB_Standard_fixed cycles_NTC_57°C,cycle_24,doubleton,D_G4_1_G4,G4_Feces_Fixed_24_G4,QB_Standard_fixed cycles_NTC_57°C,57C,1G4,NA,NA,NA,NA,NA,NA,NA,NA,NA,NA,NA,NA,NA,NA,NA,NA,NA,NA,NA,NA,NA,NA,NA,NA,NA,NA,NA,NA
doubleton_G4_Feces_Fixed_24_H2,24,126,NTC,Standard,47°C,QB,H2,2,H,fixed cycles,G4,Feces_Fixed_24,1,plate_1: 24 cycles Feces,G4_1_H2,doubleton_QB_Standard_fixed cycles_NTC_47°C,cycle_24,doubleton,D_G4_1_H2,G4_Feces_Fixed_24_H2,QB_Standard_fixed cycles_NTC_47°C,47C,1H2,NA,NA,NA,NA,NA,NA,NA,NA,NA,NA,NA,NA,NA,NA,NA,NA,NA,NA,NA,NA,NA,NA,NA,NA,NA,NA,NA,NA
doubleton_G4_Feces_Fixed_24_H3,24,142,NTC,Standard,52°C,QB,H3,3,H,fixed cycles,G4,Feces_Fixed_24,1,plate_1: 24 cycles Feces,G4_1_H3,doubleton_QB_Standard_fixed cycles_NTC_52°C,cycle_24,doubleton,D_G4_1_H3,G4_Feces_Fixed_24_H3,QB_Standard_fixed cycles_NTC_52°C,52C,1H3,NA,NA,NA,NA,NA,NA,NA,NA,NA,NA,NA,NA,NA,NA,NA,NA,NA,NA,NA,NA,NA,NA,NA,NA,NA,NA,NA,NA
doubleton_G4_Feces_Fixed_24_H4,24,148,NTC,Standard,57°C,QB,H4,4,H,fixed cycles,G4,Feces_Fixed_24,1,plate_1: 24 cycles Feces,G4_1_H4,doubleton_QB_Standard_fixed cycles_NTC_57°C,cycle_24,doubleton,D_G4_1_H4,G4_Feces_Fixed_24_H4,QB_Standard_fixed cycles_NTC_57°C,57C,1H4,NA,NA,NA,NA,NA,NA,NA,NA,NA,NA,NA,NA,NA,NA,NA,NA,NA,NA,NA,NA,NA,NA,NA,NA,NA,NA,NA,NA
doubleton_G4_Feces_FL_350_A2,17,353,Feces,Standard,47°C,QB,A2,2,A,targeted fluorescence,G4,Feces_FL_350,2,plate_2: 18 cycles Feces 350 TF,G4_2_A2,doubleton_QB_Standard_targeted fluorescence_Feces_47°C,cycle_17,doubleton,D_G4_2_A2,G4_Feces_FL_350_A2,QB_Standard_targeted fluorescence_Feces_47°C,47C,2A2,2450,72466,3980,1519967,removed,72514,91665,78294,85.41,72842,72610,79.21,92076,411,13371,5452,232,48,144,72466,100,0.45,14.52,5.92,0.25,0.16,0.05,78.7
doubleton_G4_Feces_FL_350_A3,18,383,Feces,Standard,52°C,QB,A3,3,A,targeted fluorescence,G4,Feces_FL_350,2,plate_2: 18 cycles Feces 350 TF,G4_2_A3,doubleton_QB_Standard_targeted fluorescence_Feces_52°C,cycle_18,doubleton,D_G4_2_A3,G4_Feces_FL_350_A3,QB_Standard_targeted fluorescence_Feces_52°C,52C,2A3,2338,70930,3980,1519967,removed,70984,107837,92575,85.85,72709,71051,65.89,107972,135,15262,19866,1658,54,121,70930,100,0.13,14.14,18.4,1.54,0.11,0.05,65.69
doubleton_G4_Feces_FL_350_A4,17,358,Feces,Standard,57°C,QB,A4,4,A,targeted fluorescence,G4,Feces_FL_350,2,plate_2: 18 cycles Feces 350 TF,G4_2_A4,doubleton_QB_Standard_targeted fluorescence_Feces_57°C,cycle_17,doubleton,D_G4_2_A4,G4_Feces_FL_350_A4,QB_Standard_targeted fluorescence_Feces_57°C,57C,2A4,2476,80965,3980,1519967,removed,81044,103049,88703,86.08,81483,81114,78.71,103101,52,14346,7220,369,79,149,80965,100,0.05,13.91,7,0.36,0.14,0.08,78.53
doubleton_G4_Feces_FL_350_B2,18,387,Feces,Standard,47°C,QB,B2,2,B,targeted fluorescence,G4,Feces_FL_350,2,plate_2: 18 cycles Feces 350 TF,G4_2_B2,doubleton_QB_Standard_targeted fluorescence_Feces_47°C,cycle_18,doubleton,D_G4_2_B2,G4_Feces_FL_350_B2,QB_Standard_targeted fluorescence_Feces_47°C,47C,2B2,2535,85751,3980,1519967,removed,85821,113013,95978,84.93,86453,85917,76.02,113732,719,17035,9525,536,70,166,85751,100,0.63,14.98,8.37,0.47,0.15,0.06,75.4
doubleton_G4_Feces_FL_350_B3,24,124,Feces,Standard,52°C,QB,B3,3,B,targeted fluorescence,G4,Feces_FL_350,2,plate_2: 18 cycles Feces 350 TF,G4_2_B3,doubleton_QB_Standard_targeted fluorescence_Feces_52°C,cycle_24,doubleton,D_G4_2_B3,G4_Feces_FL_350_B3,QB_Standard_targeted fluorescence_Feces_52°C,52C,2B3,25,62,3980,1519967,removed,74,686,591,86.15,74,74,10.79,696,10,95,517,0,12,12,62,100,1.44,13.65,74.28,0,1.72,1.72,8.91
doubleton_G4_Feces_FL_350_B4,24,139,Feces,Standard,57°C,QB,B4,4,B,targeted fluorescence,G4,Feces_FL_350,2,plate_2: 18 cycles Feces 350 TF,G4_2_B4,doubleton_QB_Standard_targeted fluorescence_Feces_57°C,cycle_24,doubleton,D_G4_2_B4,G4_Feces_FL_350_B4,QB_Standard_targeted fluorescence_Feces_57°C,57C,2B4,27,66,3980,1519967,removed,73,768,644,83.85,73,73,9.51,774,6,124,571,0,7,7,66,100,0.78,16.02,73.77,0,0.9,0.9,8.53
doubleton_G4_Feces_FL_350_C2,17,352,Feces,Standard,47°C,QB,C2,2,C,targeted fluorescence,G4,Feces_FL_350,2,plate_2: 18 cycles Feces 350 TF,G4_2_C2,doubleton_QB_Standard_targeted fluorescence_Feces_47°C,cycle_17,doubleton,D_G4_2_C2,G4_Feces_FL_350_C2,QB_Standard_targeted fluorescence_Feces_47°C,47C,2C2,2522,78919,3980,1519967,removed,78962,98982,84509,85.38,79344,79074,79.89,99457,475,14473,5165,270,43,155,78919,100,0.48,14.55,5.19,0.27,0.16,0.04,79.35
doubleton_G4_Feces_FL_350_C3,17,381,Feces,Standard,52°C,QB,C3,3,C,targeted fluorescence,G4,Feces_FL_350,2,plate_2: 18 cycles Feces 350 TF,G4_2_C3,doubleton_QB_Standard_targeted fluorescence_Feces_52°C,cycle_17,doubleton,D_G4_2_C3,G4_Feces_FL_350_C3,QB_Standard_targeted fluorescence_Feces_52°C,52C,2C3,2466,79914,3980,1519967,removed,79995,101466,86951,85.69,80495,80115,78.96,101551,85,14515,6456,380,81,201,79914,100,0.08,14.29,6.36,0.37,0.2,0.08,78.69
doubleton_G4_Feces_FL_350_C4,17,369,Feces,Standard,57°C,QB,C4,4,C,targeted fluorescence,G4,Feces_FL_350,2,plate_2: 18 cycles Feces 350 TF,G4_2_C4,doubleton_QB_Standard_targeted fluorescence_Feces_57°C,cycle_17,doubleton,D_G4_2_C4,G4_Feces_FL_350_C4,QB_Standard_targeted fluorescence_Feces_57°C,57C,2C4,2403,76755,3980,1519967,removed,76820,95297,82120,86.17,77097,76895,80.69,95333,36,13177,5023,202,65,140,76755,100,0.04,13.82,5.27,0.21,0.15,0.07,80.51
doubleton_G4_Feces_FL_350_D2,17,392,Feces,Standard,47°C,QB,D2,2,D,targeted fluorescence,G4,Feces_FL_350,2,plate_2: 18 cycles Feces 350 TF,G4_2_D2,doubleton_QB_Standard_targeted fluorescence_Feces_47°C,cycle_17,doubleton,D_G4_2_D2,G4_Feces_FL_350_D2,QB_Standard_targeted fluorescence_Feces_47°C,47C,2D2,2540,81602,3980,1519967,removed,81661,105376,89941,85.35,82173,81773,77.6,105931,555,15435,7768,400,59,171,81602,100,0.52,14.57,7.33,0.38,0.16,0.06,77.03
doubleton_G4_Feces_FL_350_D3,17,393,Feces,Standard,52°C,QB,D3,3,D,targeted fluorescence,G4,Feces_FL_350,2,plate_2: 18 cycles Feces 350 TF,G4_2_D3,doubleton_QB_Standard_targeted fluorescence_Feces_52°C,cycle_17,doubleton,D_G4_2_D3,G4_Feces_FL_350_D3,QB_Standard_targeted fluorescence_Feces_52°C,52C,2D3,1958,38730,3980,1519967,removed,38767,47957,41293,86.1,38887,38781,80.87,47996,39,6664,2406,106,37,51,38730,100,0.08,13.88,5.01,0.22,0.11,0.08,80.69
doubleton_G4_Feces_FL_350_D4,17,371,Feces,Standard,57°C,QB,D4,4,D,targeted fluorescence,G4,Feces_FL_350,2,plate_2: 18 cycles Feces 350 TF,G4_2_D4,doubleton_QB_Standard_targeted fluorescence_Feces_57°C,cycle_17,doubleton,D_G4_2_D4,G4_Feces_FL_350_D4,QB_Standard_targeted fluorescence_Feces_57°C,57C,2D4,2486,82956,3980,1519967,removed,83037,104630,90029,86.05,83454,83114,79.44,104685,55,14601,6575,340,81,158,82956,100,0.05,13.95,6.28,0.32,0.15,0.08,79.24
doubleton_G4_Feces_FL_350_E2,18,101,NTC,Standard,47°C,QB,E2,2,E,fixed cycles,G4,Feces_FL_350,2,plate_2: 18 cycles Feces 350 TF,G4_2_E2,doubleton_QB_Standard_fixed cycles_NTC_47°C,cycle_18,doubleton,D_G4_2_E2,G4_Feces_FL_350_E2,QB_Standard_fixed cycles_NTC_47°C,47C,2E2,NA,NA,NA,NA,NA,NA,NA,NA,NA,NA,NA,NA,NA,NA,NA,NA,NA,NA,NA,NA,NA,NA,NA,NA,NA,NA,NA,NA
doubleton_G4_Feces_FL_350_E3,18,119,NTC,Standard,52°C,QB,E3,3,E,fixed cycles,G4,Feces_FL_350,2,plate_2: 18 cycles Feces 350 TF,G4_2_E3,doubleton_QB_Standard_fixed cycles_NTC_52°C,cycle_18,doubleton,D_G4_2_E3,G4_Feces_FL_350_E3,QB_Standard_fixed cycles_NTC_52°C,52C,2E3,NA,NA,NA,NA,NA,NA,NA,NA,NA,NA,NA,NA,NA,NA,NA,NA,NA,NA,NA,NA,NA,NA,NA,NA,NA,NA,NA,NA
doubleton_G4_Feces_FL_350_E4,18,116,NTC,Standard,57°C,QB,E4,4,E,fixed cycles,G4,Feces_FL_350,2,plate_2: 18 cycles Feces 350 TF,G4_2_E4,doubleton_QB_Standard_fixed cycles_NTC_57°C,cycle_18,doubleton,D_G4_2_E4,G4_Feces_FL_350_E4,QB_Standard_fixed cycles_NTC_57°C,57C,2E4,NA,NA,NA,NA,NA,NA,NA,NA,NA,NA,NA,NA,NA,NA,NA,NA,NA,NA,NA,NA,NA,NA,NA,NA,NA,NA,NA,NA
doubleton_G4_Feces_FL_350_F2,18,107,NTC,Standard,47°C,QB,F2,2,F,fixed cycles,G4,Feces_FL_350,2,plate_2: 18 cycles Feces 350 TF,G4_2_F2,doubleton_QB_Standard_fixed cycles_NTC_47°C,cycle_18,doubleton,D_G4_2_F2,G4_Feces_FL_350_F2,QB_Standard_fixed cycles_NTC_47°C,47C,2F2,NA,NA,NA,NA,NA,NA,NA,NA,NA,NA,NA,NA,NA,NA,NA,NA,NA,NA,NA,NA,NA,NA,NA,NA,NA,NA,NA,NA
doubleton_G4_Feces_FL_350_F3,18,102,NTC,Standard,52°C,QB,F3,3,F,fixed cycles,G4,Feces_FL_350,2,plate_2: 18 cycles Feces 350 TF,G4_2_F3,doubleton_QB_Standard_fixed cycles_NTC_52°C,cycle_18,doubleton,D_G4_2_F3,G4_Feces_FL_350_F3,QB_Standard_fixed cycles_NTC_52°C,52C,2F3,NA,NA,NA,NA,NA,NA,NA,NA,NA,NA,NA,NA,NA,NA,NA,NA,NA,NA,NA,NA,NA,NA,NA,NA,NA,NA,NA,NA
doubleton_G4_Feces_FL_350_F4,18,114,NTC,Standard,57°C,QB,F4,4,F,fixed cycles,G4,Feces_FL_350,2,plate_2: 18 cycles Feces 350 TF,G4_2_F4,doubleton_QB_Standard_fixed cycles_NTC_57°C,cycle_18,doubleton,D_G4_2_F4,G4_Feces_FL_350_F4,QB_Standard_fixed cycles_NTC_57°C,57C,2F4,NA,NA,NA,NA,NA,NA,NA,NA,NA,NA,NA,NA,NA,NA,NA,NA,NA,NA,NA,NA,NA,NA,NA,NA,NA,NA,NA,NA
doubleton_G4_Feces_FL_350_G2,18,116,NTC,Standard,47°C,QB,G2,2,G,fixed cycles,G4,Feces_FL_350,2,plate_2: 18 cycles Feces 350 TF,G4_2_G2,doubleton_QB_Standard_fixed cycles_NTC_47°C,cycle_18,doubleton,D_G4_2_G2,G4_Feces_FL_350_G2,QB_Standard_fixed cycles_NTC_47°C,47C,2G2,NA,NA,NA,NA,NA,NA,NA,NA,NA,NA,NA,NA,NA,NA,NA,NA,NA,NA,NA,NA,NA,NA,NA,NA,NA,NA,NA,NA
doubleton_G4_Feces_FL_350_G3,18,118,NTC,Standard,52°C,QB,G3,3,G,fixed cycles,G4,Feces_FL_350,2,plate_2: 18 cycles Feces 350 TF,G4_2_G3,doubleton_QB_Standard_fixed cycles_NTC_52°C,cycle_18,doubleton,D_G4_2_G3,G4_Feces_FL_350_G3,QB_Standard_fixed cycles_NTC_52°C,52C,2G3,NA,NA,NA,NA,NA,NA,NA,NA,NA,NA,NA,NA,NA,NA,NA,NA,NA,NA,NA,NA,NA,NA,NA,NA,NA,NA,NA,NA
doubleton_G4_Feces_FL_350_G4,18,111,NTC,Standard,57°C,QB,G4,4,G,fixed cycles,G4,Feces_FL_350,2,plate_2: 18 cycles Feces 350 TF,G4_2_G4,doubleton_QB_Standard_fixed cycles_NTC_57°C,cycle_18,doubleton,D_G4_2_G4,G4_Feces_FL_350_G4,QB_Standard_fixed cycles_NTC_57°C,57C,2G4,NA,NA,NA,NA,NA,NA,NA,NA,NA,NA,NA,NA,NA,NA,NA,NA,NA,NA,NA,NA,NA,NA,NA,NA,NA,NA,NA,NA
doubleton_G4_Feces_FL_350_H2,18,112,NTC,Standard,47°C,QB,H2,2,H,fixed cycles,G4,Feces_FL_350,2,plate_2: 18 cycles Feces 350 TF,G4_2_H2,doubleton_QB_Standard_fixed cycles_NTC_47°C,cycle_18,doubleton,D_G4_2_H2,G4_Feces_FL_350_H2,QB_Standard_fixed cycles_NTC_47°C,47C,2H2,NA,NA,NA,NA,NA,NA,NA,NA,NA,NA,NA,NA,NA,NA,NA,NA,NA,NA,NA,NA,NA,NA,NA,NA,NA,NA,NA,NA
doubleton_G4_Feces_FL_350_H3,18,106,NTC,Standard,52°C,QB,H3,3,H,fixed cycles,G4,Feces_FL_350,2,plate_2: 18 cycles Feces 350 TF,G4_2_H3,doubleton_QB_Standard_fixed cycles_NTC_52°C,cycle_18,doubleton,D_G4_2_H3,G4_Feces_FL_350_H3,QB_Standard_fixed cycles_NTC_52°C,52C,2H3,NA,NA,NA,NA,NA,NA,NA,NA,NA,NA,NA,NA,NA,NA,NA,NA,NA,NA,NA,NA,NA,NA,NA,NA,NA,NA,NA,NA
doubleton_G4_Feces_FL_350_H4,18,114,NTC,Standard,57°C,QB,H4,4,H,fixed cycles,G4,Feces_FL_350,2,plate_2: 18 cycles Feces 350 TF,G4_2_H4,doubleton_QB_Standard_fixed cycles_NTC_57°C,cycle_18,doubleton,D_G4_2_H4,G4_Feces_FL_350_H4,QB_Standard_fixed cycles_NTC_57°C,57C,2H4,NA,NA,NA,NA,NA,NA,NA,NA,NA,NA,NA,NA,NA,NA,NA,NA,NA,NA,NA,NA,NA,NA,NA,NA,NA,NA,NA,NA
doubleton_G6_Skin_Fixed_24_A2,24,3610,Skin,Standard,47°C,QB,A2,2,A,fixed cycles,G6,Skin_Fixed_24,3,plate_3: 24 cycles Skin,G6_3_A2,doubleton_QB_Standard_fixed cycles_Skin_47°C,cycle_24,doubleton,D_G6_3_A2,G6_Skin_Fixed_24_A2,QB_Standard_fixed cycles_Skin_47°C,47C,3A2,703,78398,2640,2008559,removed,88125,146125,116877,79.98,107401,88401,60.5,157009,10884,29248,9476,19000,9727,10003,78398,100,6.93,18.63,6.04,12.1,6.37,6.2,49.93
doubleton_G6_Skin_Fixed_24_A3,24,2732,Skin,Standard,52°C,QB,A3,3,A,fixed cycles,G6,Skin_Fixed_24,3,plate_3: 24 cycles Skin,G6_3_A3,doubleton_QB_Standard_fixed cycles_Skin_52°C,cycle_24,doubleton,D_G6_3_A3,G6_Skin_Fixed_24_A3,QB_Standard_fixed cycles_Skin_52°C,52C,3A3,620,68208,2640,2008559,removed,78043,123136,106189,86.24,96935,78225,63.53,127216,4080,16947,9254,18710,9835,10017,68208,100,3.21,13.32,7.27,14.71,7.87,7.73,53.62
doubleton_G6_Skin_Fixed_24_A4,24,2943,Skin,Standard,57°C,QB,A4,4,A,fixed cycles,G6,Skin_Fixed_24,3,plate_3: 24 cycles Skin,G6_3_A4,doubleton_QB_Standard_fixed cycles_Skin_57°C,cycle_24,doubleton,D_G6_3_A4,G6_Skin_Fixed_24_A4,QB_Standard_fixed cycles_Skin_57°C,57C,3A4,613,78433,2640,2008559,removed,89943,154132,133830,86.83,120295,90114,58.47,154643,511,20302,13535,30181,11510,11681,78433,100,0.33,13.13,8.75,19.52,7.55,7.44,50.72
doubleton_G6_Skin_Fixed_24_B2,24,3798,Skin,Standard,47°C,QB,B2,2,B,fixed cycles,G6,Skin_Fixed_24,3,plate_3: 24 cycles Skin,G6_3_B2,doubleton_QB_Standard_fixed cycles_Skin_47°C,cycle_24,doubleton,D_G6_3_B2,G6_Skin_Fixed_24_B2,QB_Standard_fixed cycles_Skin_47°C,47C,3B2,300,15783,2640,2008559,removed,17730,32444,26261,80.94,23370,17741,54.68,33735,1291,6183,2891,5629,1947,1958,15783,100,3.83,18.33,8.57,16.69,5.8,5.77,46.79
doubleton_G6_Skin_Fixed_24_B3,24,3524,Skin,Standard,52°C,QB,B3,3,B,fixed cycles,G6,Skin_Fixed_24,3,plate_3: 24 cycles Skin,G6_3_B3,doubleton_QB_Standard_fixed cycles_Skin_52°C,cycle_24,doubleton,D_G6_3_B3,G6_Skin_Fixed_24_B3,QB_Standard_fixed cycles_Skin_52°C,52C,3B3,610,65751,2640,2008559,removed,75114,121561,104104,85.64,94702,75264,61.91,125085,3524,17457,9402,19438,9363,9513,65751,100,2.82,13.96,7.52,15.54,7.61,7.49,52.57
doubleton_G6_Skin_Fixed_24_B4,24,4001,Skin,Standard,57°C,QB,B4,4,B,fixed cycles,G6,Skin_Fixed_24,3,plate_3: 24 cycles Skin,G6_3_B4,doubleton_QB_Standard_fixed cycles_Skin_57°C,cycle_24,doubleton,D_G6_3_B4,G6_Skin_Fixed_24_B4,QB_Standard_fixed cycles_Skin_57°C,57C,3B4,622,82255,2640,2008559,removed,94609,150206,130677,87,119675,94836,63.14,150731,525,19529,11002,24839,12354,12581,82255,100,0.35,12.96,7.3,16.48,8.35,8.2,54.57
doubleton_G6_Skin_Fixed_24_C2,24,4112,Skin,Standard,47°C,QB,C2,2,C,fixed cycles,G6,Skin_Fixed_24,3,plate_3: 24 cycles Skin,G6_3_C2,doubleton_QB_Standard_fixed cycles_Skin_47°C,cycle_24,doubleton,D_G6_3_C2,G6_Skin_Fixed_24_C2,QB_Standard_fixed cycles_Skin_47°C,47C,3C2,641,65589,2640,2008559,removed,74092,122253,99482,81.37,91116,74314,60.79,130171,7918,22771,8366,16802,8503,8725,65589,100,6.08,17.49,6.43,12.91,6.7,6.53,50.39
doubleton_G6_Skin_Fixed_24_C3,24,3760,Skin,Standard,52°C,QB,C3,3,C,fixed cycles,G6,Skin_Fixed_24,3,plate_3: 24 cycles Skin,G6_3_C3,doubleton_QB_Standard_fixed cycles_Skin_52°C,cycle_24,doubleton,D_G6_3_C3,G6_Skin_Fixed_24_C3,QB_Standard_fixed cycles_Skin_52°C,52C,3C3,607,71966,2640,2008559,removed,82582,130070,111805,85.96,102252,82768,63.63,134031,3961,18265,9553,19484,10616,10802,71966,100,2.96,13.63,7.13,14.54,8.06,7.92,53.69
doubleton_G6_Skin_Fixed_24_C4,24,3757,Skin,Standard,57°C,QB,C4,4,C,fixed cycles,G6,Skin_Fixed_24,3,plate_3: 24 cycles Skin,G6_3_C4,doubleton_QB_Standard_fixed cycles_Skin_57°C,cycle_24,doubleton,D_G6_3_C4,G6_Skin_Fixed_24_C4,QB_Standard_fixed cycles_Skin_57°C,57C,3C4,727,109694,2640,2008559,removed,126504,195588,169818,86.82,156527,126734,64.8,196187,599,25770,13291,29793,16810,17040,109694,100,0.31,13.14,6.77,15.19,8.69,8.57,55.91
doubleton_G6_Skin_Fixed_24_D2,24,3901,Skin,Standard,47°C,QB,D2,2,D,fixed cycles,G6,Skin_Fixed_24,3,plate_3: 24 cycles Skin,G6_3_D2,doubleton_QB_Standard_fixed cycles_Skin_47°C,cycle_24,doubleton,D_G6_3_D2,G6_Skin_Fixed_24_D2,QB_Standard_fixed cycles_Skin_47°C,47C,3D2,639,71050,2640,2008559,removed,80014,131409,106812,81.28,98391,80209,61.04,139717,8308,24597,8421,18182,8964,9159,71050,100,5.95,17.6,6.03,13.01,6.56,6.42,50.85
doubleton_G6_Skin_Fixed_24_D3,24,2976,Skin,Standard,52°C,QB,D3,3,D,fixed cycles,G6,Skin_Fixed_24,3,plate_3: 24 cycles Skin,G6_3_D3,doubleton_QB_Standard_fixed cycles_Skin_52°C,cycle_24,doubleton,D_G6_3_D3,G6_Skin_Fixed_24_D3,QB_Standard_fixed cycles_Skin_52°C,52C,3D3,609,65182,2640,2008559,removed,74598,121431,104068,85.7,94623,74774,61.58,124635,3204,17363,9445,19849,9416,9592,65182,100,2.57,13.93,7.58,15.93,7.7,7.55,52.3
doubleton_G6_Skin_Fixed_24_D4,24,3835,Skin,Standard,57°C,QB,D4,4,D,fixed cycles,G6,Skin_Fixed_24,3,plate_3: 24 cycles Skin,G6_3_D4,doubleton_QB_Standard_fixed cycles_Skin_57°C,cycle_24,doubleton,D_G6_3_D4,G6_Skin_Fixed_24_D4,QB_Standard_fixed cycles_Skin_57°C,57C,3D4,700,108473,2640,2008559,removed,125210,193718,168252,86.85,155283,125430,64.75,194333,615,25466,12969,29853,16737,16957,108473,100,0.32,13.1,6.67,15.36,8.73,8.61,55.82
doubleton_G6_Skin_Fixed_24_E2,24,144,NTC,Standard,47°C,QB,E2,2,E,fixed cycles,G6,Skin_Fixed_24,3,plate_3: 24 cycles Skin,G6_3_E2,doubleton_QB_Standard_fixed cycles_NTC_47°C,cycle_24,doubleton,D_G6_3_E2,G6_Skin_Fixed_24_E2,QB_Standard_fixed cycles_NTC_47°C,47C,3E2,NA,NA,NA,NA,NA,NA,NA,NA,NA,NA,NA,NA,NA,NA,NA,NA,NA,NA,NA,NA,NA,NA,NA,NA,NA,NA,NA,NA
doubleton_G6_Skin_Fixed_24_E3,24,154,NTC,Standard,52°C,QB,E3,3,E,fixed cycles,G6,Skin_Fixed_24,3,plate_3: 24 cycles Skin,G6_3_E3,doubleton_QB_Standard_fixed cycles_NTC_52°C,cycle_24,doubleton,D_G6_3_E3,G6_Skin_Fixed_24_E3,QB_Standard_fixed cycles_NTC_52°C,52C,3E3,NA,NA,NA,NA,NA,NA,NA,NA,NA,NA,NA,NA,NA,NA,NA,NA,NA,NA,NA,NA,NA,NA,NA,NA,NA,NA,NA,NA
doubleton_G6_Skin_Fixed_24_E4,24,165,NTC,Standard,57°C,QB,E4,4,E,fixed cycles,G6,Skin_Fixed_24,3,plate_3: 24 cycles Skin,G6_3_E4,doubleton_QB_Standard_fixed cycles_NTC_57°C,cycle_24,doubleton,D_G6_3_E4,G6_Skin_Fixed_24_E4,QB_Standard_fixed cycles_NTC_57°C,57C,3E4,NA,NA,NA,NA,NA,NA,NA,NA,NA,NA,NA,NA,NA,NA,NA,NA,NA,NA,NA,NA,NA,NA,NA,NA,NA,NA,NA,NA
doubleton_G6_Skin_Fixed_24_F2,24,151,NTC,Standard,47°C,QB,F2,2,F,fixed cycles,G6,Skin_Fixed_24,3,plate_3: 24 cycles Skin,G6_3_F2,doubleton_QB_Standard_fixed cycles_NTC_47°C,cycle_24,doubleton,D_G6_3_F2,G6_Skin_Fixed_24_F2,QB_Standard_fixed cycles_NTC_47°C,47C,3F2,NA,NA,NA,NA,NA,NA,NA,NA,NA,NA,NA,NA,NA,NA,NA,NA,NA,NA,NA,NA,NA,NA,NA,NA,NA,NA,NA,NA
doubleton_G6_Skin_Fixed_24_F3,24,136,NTC,Standard,52°C,QB,F3,3,F,fixed cycles,G6,Skin_Fixed_24,3,plate_3: 24 cycles Skin,G6_3_F3,doubleton_QB_Standard_fixed cycles_NTC_52°C,cycle_24,doubleton,D_G6_3_F3,G6_Skin_Fixed_24_F3,QB_Standard_fixed cycles_NTC_52°C,52C,3F3,NA,NA,NA,NA,NA,NA,NA,NA,NA,NA,NA,NA,NA,NA,NA,NA,NA,NA,NA,NA,NA,NA,NA,NA,NA,NA,NA,NA
doubleton_G6_Skin_Fixed_24_F4,24,180,NTC,Standard,57°C,QB,F4,4,F,fixed cycles,G6,Skin_Fixed_24,3,plate_3: 24 cycles Skin,G6_3_F4,doubleton_QB_Standard_fixed cycles_NTC_57°C,cycle_24,doubleton,D_G6_3_F4,G6_Skin_Fixed_24_F4,QB_Standard_fixed cycles_NTC_57°C,57C,3F4,NA,NA,NA,NA,NA,NA,NA,NA,NA,NA,NA,NA,NA,NA,NA,NA,NA,NA,NA,NA,NA,NA,NA,NA,NA,NA,NA,NA
doubleton_G6_Skin_Fixed_24_G2,24,154,NTC,Standard,47°C,QB,G2,2,G,fixed cycles,G6,Skin_Fixed_24,3,plate_3: 24 cycles Skin,G6_3_G2,doubleton_QB_Standard_fixed cycles_NTC_47°C,cycle_24,doubleton,D_G6_3_G2,G6_Skin_Fixed_24_G2,QB_Standard_fixed cycles_NTC_47°C,47C,3G2,NA,NA,NA,NA,NA,NA,NA,NA,NA,NA,NA,NA,NA,NA,NA,NA,NA,NA,NA,NA,NA,NA,NA,NA,NA,NA,NA,NA
doubleton_G6_Skin_Fixed_24_G3,24,150,NTC,Standard,52°C,QB,G3,3,G,fixed cycles,G6,Skin_Fixed_24,3,plate_3: 24 cycles Skin,G6_3_G3,doubleton_QB_Standard_fixed cycles_NTC_52°C,cycle_24,doubleton,D_G6_3_G3,G6_Skin_Fixed_24_G3,QB_Standard_fixed cycles_NTC_52°C,52C,3G3,NA,NA,NA,NA,NA,NA,NA,NA,NA,NA,NA,NA,NA,NA,NA,NA,NA,NA,NA,NA,NA,NA,NA,NA,NA,NA,NA,NA
doubleton_G6_Skin_Fixed_24_G4,24,165,NTC,Standard,57°C,QB,G4,4,G,fixed cycles,G6,Skin_Fixed_24,3,plate_3: 24 cycles Skin,G6_3_G4,doubleton_QB_Standard_fixed cycles_NTC_57°C,cycle_24,doubleton,D_G6_3_G4,G6_Skin_Fixed_24_G4,QB_Standard_fixed cycles_NTC_57°C,57C,3G4,NA,NA,NA,NA,NA,NA,NA,NA,NA,NA,NA,NA,NA,NA,NA,NA,NA,NA,NA,NA,NA,NA,NA,NA,NA,NA,NA,NA
doubleton_G6_Skin_Fixed_24_H2,24,122,NTC,Standard,47°C,QB,H2,2,H,fixed cycles,G6,Skin_Fixed_24,3,plate_3: 24 cycles Skin,G6_3_H2,doubleton_QB_Standard_fixed cycles_NTC_47°C,cycle_24,doubleton,D_G6_3_H2,G6_Skin_Fixed_24_H2,QB_Standard_fixed cycles_NTC_47°C,47C,3H2,NA,NA,NA,NA,NA,NA,NA,NA,NA,NA,NA,NA,NA,NA,NA,NA,NA,NA,NA,NA,NA,NA,NA,NA,NA,NA,NA,NA
doubleton_G6_Skin_Fixed_24_H3,24,117,NTC,Standard,52°C,QB,H3,3,H,fixed cycles,G6,Skin_Fixed_24,3,plate_3: 24 cycles Skin,G6_3_H3,doubleton_QB_Standard_fixed cycles_NTC_52°C,cycle_24,doubleton,D_G6_3_H3,G6_Skin_Fixed_24_H3,QB_Standard_fixed cycles_NTC_52°C,52C,3H3,NA,NA,NA,NA,NA,NA,NA,NA,NA,NA,NA,NA,NA,NA,NA,NA,NA,NA,NA,NA,NA,NA,NA,NA,NA,NA,NA,NA
doubleton_G6_Skin_Fixed_24_H4,24,166,NTC,Standard,57°C,QB,H4,4,H,fixed cycles,G6,Skin_Fixed_24,3,plate_3: 24 cycles Skin,G6_3_H4,doubleton_QB_Standard_fixed cycles_NTC_57°C,cycle_24,doubleton,D_G6_3_H4,G6_Skin_Fixed_24_H4,QB_Standard_fixed cycles_NTC_57°C,57C,3H4,NA,NA,NA,NA,NA,NA,NA,NA,NA,NA,NA,NA,NA,NA,NA,NA,NA,NA,NA,NA,NA,NA,NA,NA,NA,NA,NA,NA
doubleton_G6_Skin_FL_2500_A2,20,3001,Skin,Standard,47°C,QB,A2,2,A,targeted fluorescence,G6,Skin_FL_2500,4,plate_4: 20 cycles Skin 2500 TF,G6_4_A2,doubleton_QB_Standard_targeted fluorescence_Skin_47°C,cycle_20,doubleton,D_G6_4_A2,G6_Skin_FL_2500_A2,QB_Standard_targeted fluorescence_Skin_47°C,47C,4A2,698,67702,2640,2008559,removed,77666,105083,89215,84.9,84340,77890,74.12,108956,3873,15868,4875,6450,9964,10188,67702,100,3.55,14.56,4.47,5.92,9.35,9.14,62.14
doubleton_G6_Skin_FL_2500_A3,24,341,Skin,Standard,52°C,QB,A3,3,A,targeted fluorescence,G6,Skin_FL_2500,4,plate_4: 20 cycles Skin 2500 TF,G6_4_A3,doubleton_QB_Standard_targeted fluorescence_Skin_52°C,cycle_24,doubleton,D_G6_4_A3,G6_Skin_FL_2500_A3,QB_Standard_targeted fluorescence_Skin_52°C,52C,4A3,53,310,2640,2008559,removed,330,1389,1186,85.39,348,332,23.9,1402,13,203,838,16,20,22,310,100,0.93,14.48,59.77,1.14,1.57,1.43,22.11
doubleton_G6_Skin_FL_2500_A4,19,2577,Skin,Standard,57°C,QB,A4,4,A,targeted fluorescence,G6,Skin_FL_2500,4,plate_4: 20 cycles Skin 2500 TF,G6_4_A4,doubleton_QB_Standard_targeted fluorescence_Skin_57°C,cycle_19,doubleton,D_G6_4_A4,G6_Skin_FL_2500_A4,QB_Standard_targeted fluorescence_Skin_57°C,57C,4A4,600,69685,2640,2008559,removed,80720,97625,84939,87.01,82069,80871,82.84,97829,204,12686,2870,1198,11035,11186,69685,100,0.21,12.97,2.93,1.22,11.43,11.28,71.23
doubleton_G6_Skin_FL_2500_B2,19,2564,Skin,Standard,47°C,QB,B2,2,B,targeted fluorescence,G6,Skin_FL_2500,4,plate_4: 20 cycles Skin 2500 TF,G6_4_B2,doubleton_QB_Standard_targeted fluorescence_Skin_47°C,cycle_19,doubleton,D_G6_4_B2,G6_Skin_FL_2500_B2,QB_Standard_targeted fluorescence_Skin_47°C,47C,4B2,646,66244,2640,2008559,removed,76148,93855,80650,85.93,77331,76358,81.36,96693,2838,13205,3319,973,9904,10114,66244,100,2.94,13.66,3.43,1.01,10.46,10.24,68.51
doubleton_G6_Skin_FL_2500_B3,20,2939,Skin,Standard,52°C,QB,B3,3,B,targeted fluorescence,G6,Skin_FL_2500,4,plate_4: 20 cycles Skin 2500 TF,G6_4_B3,doubleton_QB_Standard_targeted fluorescence_Skin_52°C,cycle_20,doubleton,D_G6_4_B3,G6_Skin_FL_2500_B3,QB_Standard_targeted fluorescence_Skin_52°C,52C,4B3,738,93902,2640,2008559,removed,108089,133298,115666,86.77,111422,108363,81.29,135625,2327,17632,4244,3059,14187,14461,93902,100,1.72,13,3.13,2.26,10.66,10.46,69.24
doubleton_G6_Skin_FL_2500_B4,19,2833,Skin,Standard,57°C,QB,B4,4,B,targeted fluorescence,G6,Skin_FL_2500,4,plate_4: 20 cycles Skin 2500 TF,G6_4_B4,doubleton_QB_Standard_targeted fluorescence_Skin_57°C,cycle_19,doubleton,D_G6_4_B4,G6_Skin_FL_2500_B4,QB_Standard_targeted fluorescence_Skin_57°C,57C,4B4,618,66638,2640,2008559,removed,76996,93237,81014,86.89,78209,77167,82.76,93392,155,12223,2805,1042,10358,10529,66638,100,0.17,13.09,3,1.12,11.27,11.09,71.35
doubleton_G6_Skin_FL_2500_C2,19,2717,Skin,Standard,47°C,QB,C2,2,C,targeted fluorescence,G6,Skin_FL_2500,4,plate_4: 20 cycles Skin 2500 TF,G6_4_C2,doubleton_QB_Standard_targeted fluorescence_Skin_47°C,cycle_19,doubleton,D_G6_4_C2,G6_Skin_FL_2500_C2,QB_Standard_targeted fluorescence_Skin_47°C,47C,4C2,641,65092,2640,2008559,removed,75034,92138,79069,85.82,75981,75212,81.63,94982,2844,13069,3088,769,9942,10120,65092,100,2.99,13.76,3.25,0.81,10.65,10.47,68.53
doubleton_G6_Skin_FL_2500_C3,19,2852,Skin,Standard,52°C,QB,C3,3,C,targeted fluorescence,G6,Skin_FL_2500,4,plate_4: 20 cycles Skin 2500 TF,G6_4_C3,doubleton_QB_Standard_targeted fluorescence_Skin_52°C,cycle_19,doubleton,D_G6_4_C3,G6_Skin_FL_2500_C3,QB_Standard_targeted fluorescence_Skin_52°C,52C,4C3,650,81261,2640,2008559,removed,93825,113762,98896,86.93,95339,94078,82.7,115504,1742,14866,3557,1261,12564,12817,81261,100,1.51,12.87,3.08,1.09,11.1,10.88,70.35
doubleton_G6_Skin_FL_2500_C4,19,2645,Skin,Standard,57°C,QB,C4,4,C,targeted fluorescence,G6,Skin_FL_2500,4,plate_4: 20 cycles Skin 2500 TF,G6_4_C4,doubleton_QB_Standard_targeted fluorescence_Skin_57°C,cycle_19,doubleton,D_G6_4_C4,G6_Skin_FL_2500_C4,QB_Standard_targeted fluorescence_Skin_57°C,57C,4C4,613,67516,2640,2008559,removed,78077,94023,81803,87,79189,78270,83.25,94212,189,12220,2614,919,10561,10754,67516,100,0.2,12.97,2.77,0.98,11.41,11.21,71.66
doubleton_G6_Skin_FL_2500_D2,19,2733,Skin,Standard,47°C,QB,D2,2,D,targeted fluorescence,G6,Skin_FL_2500,4,plate_4: 20 cycles Skin 2500 TF,G6_4_D2,doubleton_QB_Standard_targeted fluorescence_Skin_47°C,cycle_19,doubleton,D_G6_4_D2,G6_Skin_FL_2500_D2,QB_Standard_targeted fluorescence_Skin_47°C,47C,4D2,585,55423,2640,2008559,removed,63750,77792,66897,85.99,64312,63890,82.13,79878,2086,10895,2585,422,8327,8467,55423,100,2.61,13.64,3.24,0.53,10.6,10.42,69.38
doubleton_G6_Skin_FL_2500_D3,19,2781,Skin,Standard,52°C,QB,D3,3,D,targeted fluorescence,G6,Skin_FL_2500,4,plate_4: 20 cycles Skin 2500 TF,G6_4_D3,doubleton_QB_Standard_targeted fluorescence_Skin_52°C,cycle_19,doubleton,D_G6_4_D3,G6_Skin_FL_2500_D3,QB_Standard_targeted fluorescence_Skin_52°C,52C,4D3,643,74945,2640,2008559,removed,86113,103778,90302,87.01,87250,86326,83.18,105337,1559,13476,3052,924,11168,11381,74945,100,1.48,12.79,2.9,0.88,10.8,10.6,71.15
doubleton_G6_Skin_FL_2500_D4,19,2636,Skin,Standard,57°C,QB,D4,4,D,targeted fluorescence,G6,Skin_FL_2500,4,plate_4: 20 cycles Skin 2500 TF,G6_4_D4,doubleton_QB_Standard_targeted fluorescence_Skin_57°C,cycle_19,doubleton,D_G6_4_D4,G6_Skin_FL_2500_D4,QB_Standard_targeted fluorescence_Skin_57°C,57C,4D4,582,65588,2640,2008559,removed,75936,91436,79542,86.99,76965,76122,83.25,91607,171,11894,2577,843,10348,10534,65588,100,0.19,12.98,2.81,0.92,11.5,11.3,71.6
doubleton_G6_Skin_FL_2500_E2,20,116,NTC,Standard,47°C,QB,E2,2,E,fixed cycles,G6,Skin_FL_2500,4,plate_4: 20 cycles Skin 2500 TF,G6_4_E2,doubleton_QB_Standard_fixed cycles_NTC_47°C,cycle_20,doubleton,D_G6_4_E2,G6_Skin_FL_2500_E2,QB_Standard_fixed cycles_NTC_47°C,47C,4E2,NA,NA,NA,NA,NA,NA,NA,NA,NA,NA,NA,NA,NA,NA,NA,NA,NA,NA,NA,NA,NA,NA,NA,NA,NA,NA,NA,NA
doubleton_G6_Skin_FL_2500_E3,20,137,NTC,Standard,52°C,QB,E3,3,E,fixed cycles,G6,Skin_FL_2500,4,plate_4: 20 cycles Skin 2500 TF,G6_4_E3,doubleton_QB_Standard_fixed cycles_NTC_52°C,cycle_20,doubleton,D_G6_4_E3,G6_Skin_FL_2500_E3,QB_Standard_fixed cycles_NTC_52°C,52C,4E3,NA,NA,NA,NA,NA,NA,NA,NA,NA,NA,NA,NA,NA,NA,NA,NA,NA,NA,NA,NA,NA,NA,NA,NA,NA,NA,NA,NA
doubleton_G6_Skin_FL_2500_E4,20,132,NTC,Standard,57°C,QB,E4,4,E,fixed cycles,G6,Skin_FL_2500,4,plate_4: 20 cycles Skin 2500 TF,G6_4_E4,doubleton_QB_Standard_fixed cycles_NTC_57°C,cycle_20,doubleton,D_G6_4_E4,G6_Skin_FL_2500_E4,QB_Standard_fixed cycles_NTC_57°C,57C,4E4,NA,NA,NA,NA,NA,NA,NA,NA,NA,NA,NA,NA,NA,NA,NA,NA,NA,NA,NA,NA,NA,NA,NA,NA,NA,NA,NA,NA
doubleton_G6_Skin_FL_2500_F2,20,124,NTC,Standard,47°C,QB,F2,2,F,fixed cycles,G6,Skin_FL_2500,4,plate_4: 20 cycles Skin 2500 TF,G6_4_F2,doubleton_QB_Standard_fixed cycles_NTC_47°C,cycle_20,doubleton,D_G6_4_F2,G6_Skin_FL_2500_F2,QB_Standard_fixed cycles_NTC_47°C,47C,4F2,NA,NA,NA,NA,NA,NA,NA,NA,NA,NA,NA,NA,NA,NA,NA,NA,NA,NA,NA,NA,NA,NA,NA,NA,NA,NA,NA,NA
doubleton_G6_Skin_FL_2500_F3,20,117,NTC,Standard,52°C,QB,F3,3,F,fixed cycles,G6,Skin_FL_2500,4,plate_4: 20 cycles Skin 2500 TF,G6_4_F3,doubleton_QB_Standard_fixed cycles_NTC_52°C,cycle_20,doubleton,D_G6_4_F3,G6_Skin_FL_2500_F3,QB_Standard_fixed cycles_NTC_52°C,52C,4F3,NA,NA,NA,NA,NA,NA,NA,NA,NA,NA,NA,NA,NA,NA,NA,NA,NA,NA,NA,NA,NA,NA,NA,NA,NA,NA,NA,NA
doubleton_G6_Skin_FL_2500_F4,20,132,NTC,Standard,57°C,QB,F4,4,F,fixed cycles,G6,Skin_FL_2500,4,plate_4: 20 cycles Skin 2500 TF,G6_4_F4,doubleton_QB_Standard_fixed cycles_NTC_57°C,cycle_20,doubleton,D_G6_4_F4,G6_Skin_FL_2500_F4,QB_Standard_fixed cycles_NTC_57°C,57C,4F4,NA,NA,NA,NA,NA,NA,NA,NA,NA,NA,NA,NA,NA,NA,NA,NA,NA,NA,NA,NA,NA,NA,NA,NA,NA,NA,NA,NA
doubleton_G6_Skin_FL_2500_G2,20,139,NTC,Standard,47°C,QB,G2,2,G,fixed cycles,G6,Skin_FL_2500,4,plate_4: 20 cycles Skin 2500 TF,G6_4_G2,doubleton_QB_Standard_fixed cycles_NTC_47°C,cycle_20,doubleton,D_G6_4_G2,G6_Skin_FL_2500_G2,QB_Standard_fixed cycles_NTC_47°C,47C,4G2,NA,NA,NA,NA,NA,NA,NA,NA,NA,NA,NA,NA,NA,NA,NA,NA,NA,NA,NA,NA,NA,NA,NA,NA,NA,NA,NA,NA
doubleton_G6_Skin_FL_2500_G3,20,137,NTC,Standard,52°C,QB,G3,3,G,fixed cycles,G6,Skin_FL_2500,4,plate_4: 20 cycles Skin 2500 TF,G6_4_G3,doubleton_QB_Standard_fixed cycles_NTC_52°C,cycle_20,doubleton,D_G6_4_G3,G6_Skin_FL_2500_G3,QB_Standard_fixed cycles_NTC_52°C,52C,4G3,NA,NA,NA,NA,NA,NA,NA,NA,NA,NA,NA,NA,NA,NA,NA,NA,NA,NA,NA,NA,NA,NA,NA,NA,NA,NA,NA,NA
doubleton_G6_Skin_FL_2500_G4,20,120,NTC,Standard,57°C,QB,G4,4,G,fixed cycles,G6,Skin_FL_2500,4,plate_4: 20 cycles Skin 2500 TF,G6_4_G4,doubleton_QB_Standard_fixed cycles_NTC_57°C,cycle_20,doubleton,D_G6_4_G4,G6_Skin_FL_2500_G4,QB_Standard_fixed cycles_NTC_57°C,57C,4G4,NA,NA,NA,NA,NA,NA,NA,NA,NA,NA,NA,NA,NA,NA,NA,NA,NA,NA,NA,NA,NA,NA,NA,NA,NA,NA,NA,NA
doubleton_G6_Skin_FL_2500_H2,20,132,NTC,Standard,47°C,QB,H2,2,H,fixed cycles,G6,Skin_FL_2500,4,plate_4: 20 cycles Skin 2500 TF,G6_4_H2,doubleton_QB_Standard_fixed cycles_NTC_47°C,cycle_20,doubleton,D_G6_4_H2,G6_Skin_FL_2500_H2,QB_Standard_fixed cycles_NTC_47°C,47C,4H2,NA,NA,NA,NA,NA,NA,NA,NA,NA,NA,NA,NA,NA,NA,NA,NA,NA,NA,NA,NA,NA,NA,NA,NA,NA,NA,NA,NA
doubleton_G6_Skin_FL_2500_H3,20,118,NTC,Standard,52°C,QB,H3,3,H,fixed cycles,G6,Skin_FL_2500,4,plate_4: 20 cycles Skin 2500 TF,G6_4_H3,doubleton_QB_Standard_fixed cycles_NTC_52°C,cycle_20,doubleton,D_G6_4_H3,G6_Skin_FL_2500_H3,QB_Standard_fixed cycles_NTC_52°C,52C,4H3,NA,NA,NA,NA,NA,NA,NA,NA,NA,NA,NA,NA,NA,NA,NA,NA,NA,NA,NA,NA,NA,NA,NA,NA,NA,NA,NA,NA
doubleton_G6_Skin_FL_2500_H4,20,131,NTC,Standard,57°C,QB,H4,4,H,fixed cycles,G6,Skin_FL_2500,4,plate_4: 20 cycles Skin 2500 TF,G6_4_H4,doubleton_QB_Standard_fixed cycles_NTC_57°C,cycle_20,doubleton,D_G6_4_H4,G6_Skin_FL_2500_H4,QB_Standard_fixed cycles_NTC_57°C,57C,4H4,NA,NA,NA,NA,NA,NA,NA,NA,NA,NA,NA,NA,NA,NA,NA,NA,NA,NA,NA,NA,NA,NA,NA,NA,NA,NA,NA,NA
doubleton_G7_Soil_Fixed_24_A2,24,8096,Soil,Standard,47°C,QB,A2,2,A,fixed cycles,G7,Soil_Fixed_24,5,plate_5: 24 cycles Soil,G7_5_A2,doubleton_QB_Standard_fixed cycles_Soil_47°C,cycle_24,doubleton,D_G7_5_A2,G7_Soil_Fixed_24_A2,QB_Standard_fixed cycles_Soil_47°C,47C,5A2,3639,12846,21084,787947,removed,12847,65597,43361,66.1,13055,13023,19.85,79781,14184,22236,30306,32,1,177,12846,100,17.78,27.87,37.99,0.04,0.22,0,16.1
doubleton_G7_Soil_Fixed_24_A3,24,8084,Soil,Standard,52°C,QB,A3,3,A,fixed cycles,G7,Soil_Fixed_24,5,plate_5: 24 cycles Soil,G7_5_A3,doubleton_QB_Standard_fixed cycles_Soil_52°C,cycle_24,doubleton,D_G7_5_A3,G7_Soil_Fixed_24_A3,QB_Standard_fixed cycles_Soil_52°C,52C,5A3,5463,23420,21084,787947,removed,23430,105499,77829,73.77,24055,23979,22.73,118144,12645,27670,53774,76,10,559,23420,100,10.7,23.42,45.52,0.06,0.47,0.01,19.82
doubleton_G7_Soil_Fixed_24_A4,24,7137,Soil,Standard,57°C,QB,A4,4,A,fixed cycles,G7,Soil_Fixed_24,5,plate_5: 24 cycles Soil,G7_5_A4,doubleton_QB_Standard_fixed cycles_Soil_57°C,cycle_24,doubleton,D_G7_5_A4,G7_Soil_Fixed_24_A4,QB_Standard_fixed cycles_Soil_57°C,57C,5A4,4753,19451,21084,787947,removed,19464,95450,75929,79.55,20076,20006,20.96,98896,3446,19521,55853,70,13,555,19451,100,3.48,19.74,56.48,0.07,0.56,0.01,19.67
doubleton_G7_Soil_Fixed_24_B2,24,8560,Soil,Standard,47°C,QB,B2,2,B,fixed cycles,G7,Soil_Fixed_24,5,plate_5: 24 cycles Soil,G7_5_B2,doubleton_QB_Standard_fixed cycles_Soil_47°C,cycle_24,doubleton,D_G7_5_B2,G7_Soil_Fixed_24_B2,QB_Standard_fixed cycles_Soil_47°C,47C,5B2,3227,10739,21084,787947,removed,10741,55822,36468,65.33,10909,10880,19.49,66232,10410,19354,25559,29,2,141,10739,100,15.72,29.22,38.59,0.04,0.21,0,16.21
doubleton_G7_Soil_Fixed_24_B3,24,7571,Soil,Standard,52°C,QB,B3,3,B,fixed cycles,G7,Soil_Fixed_24,5,plate_5: 24 cycles Soil,G7_5_B3,doubleton_QB_Standard_fixed cycles_Soil_52°C,cycle_24,doubleton,D_G7_5_B3,G7_Soil_Fixed_24_B3,QB_Standard_fixed cycles_Soil_52°C,52C,5B3,5775,26212,21084,787947,removed,26219,112710,83486,74.07,26858,26725,23.71,124844,12134,29224,56628,133,7,513,26212,100,9.72,23.41,45.36,0.11,0.41,0.01,21
doubleton_G7_Soil_Fixed_24_B4,24,9102,Soil,Standard,57°C,QB,B4,4,B,fixed cycles,G7,Soil_Fixed_24,5,plate_5: 24 cycles Soil,G7_5_B4,doubleton_QB_Standard_fixed cycles_Soil_57°C,cycle_24,doubleton,D_G7_5_B4,G7_Soil_Fixed_24_B4,QB_Standard_fixed cycles_Soil_57°C,57C,5B4,5305,22925,21084,787947,removed,22931,104253,84974,81.51,23606,23491,22.53,108028,3775,19279,61368,115,6,566,22925,100,3.49,17.85,56.81,0.11,0.52,0.01,21.22
doubleton_G7_Soil_Fixed_24_C2,24,8555,Soil,Standard,47°C,QB,C2,2,C,fixed cycles,G7,Soil_Fixed_24,5,plate_5: 24 cycles Soil,G7_5_C2,doubleton_QB_Standard_fixed cycles_Soil_47°C,cycle_24,doubleton,D_G7_5_C2,G7_Soil_Fixed_24_C2,QB_Standard_fixed cycles_Soil_47°C,47C,5C2,3325,10963,21084,787947,removed,10969,53352,36499,68.41,11148,11095,20.8,63129,9777,16853,25351,53,6,132,10963,100,15.49,26.7,40.16,0.08,0.21,0.01,17.37
doubleton_G7_Soil_Fixed_24_C3,24,8623,Soil,Standard,52°C,QB,C3,3,C,fixed cycles,G7,Soil_Fixed_24,5,plate_5: 24 cycles Soil,G7_5_C3,doubleton_QB_Standard_fixed cycles_Soil_52°C,cycle_24,doubleton,D_G7_5_C3,G7_Soil_Fixed_24_C3,QB_Standard_fixed cycles_Soil_52°C,52C,5C3,5206,22576,21084,787947,removed,22586,94569,70402,74.45,23118,23052,24.38,102426,7857,24167,47284,66,10,476,22576,100,7.67,23.59,46.16,0.06,0.46,0.01,22.04
doubleton_G7_Soil_Fixed_24_C4,24,8338,Soil,Standard,57°C,QB,C4,4,C,fixed cycles,G7,Soil_Fixed_24,5,plate_5: 24 cycles Soil,G7_5_C4,doubleton_QB_Standard_fixed cycles_Soil_57°C,cycle_24,doubleton,D_G7_5_C4,G7_Soil_Fixed_24_C4,QB_Standard_fixed cycles_Soil_57°C,57C,5C4,5373,23001,21084,787947,removed,23016,105903,86949,82.1,23643,23553,22.24,109773,3870,18954,63306,90,15,552,23001,100,3.53,17.27,57.67,0.08,0.5,0.01,20.95
doubleton_G7_Soil_Fixed_24_D2,24,8317,Soil,Standard,47°C,QB,D2,2,D,fixed cycles,G7,Soil_Fixed_24,5,plate_5: 24 cycles Soil,G7_5_D2,doubleton_QB_Standard_fixed cycles_Soil_47°C,cycle_24,doubleton,D_G7_5_D2,G7_Soil_Fixed_24_D2,QB_Standard_fixed cycles_Soil_47°C,47C,5D2,3144,10243,21084,787947,removed,10247,54402,37757,69.4,10403,10368,19.06,64330,9928,16645,27354,35,4,125,10243,100,15.43,25.87,42.52,0.05,0.19,0.01,15.92
doubleton_G7_Soil_Fixed_24_D3,24,7790,Soil,Standard,52°C,QB,D3,3,D,fixed cycles,G7,Soil_Fixed_24,5,plate_5: 24 cycles Soil,G7_5_D3,doubleton_QB_Standard_fixed cycles_Soil_52°C,cycle_24,doubleton,D_G7_5_D3,G7_Soil_Fixed_24_D3,QB_Standard_fixed cycles_Soil_52°C,52C,5D3,4098,15718,21084,787947,removed,15734,43714,31455,71.96,15872,15840,36.24,46047,2333,12259,15583,32,16,122,15718,100,5.07,26.62,33.84,0.07,0.26,0.03,34.13
doubleton_G7_Soil_Fixed_24_D4,24,8881,Soil,Standard,57°C,QB,D4,4,D,fixed cycles,G7,Soil_Fixed_24,5,plate_5: 24 cycles Soil,G7_5_D4,doubleton_QB_Standard_fixed cycles_Soil_57°C,cycle_24,doubleton,D_G7_5_D4,G7_Soil_Fixed_24_D4,QB_Standard_fixed cycles_Soil_57°C,57C,5D4,5758,26036,21084,787947,removed,26044,109160,89975,82.42,26690,26564,24.33,112466,3306,19185,63285,126,8,528,26036,100,2.94,17.06,56.27,0.11,0.47,0.01,23.15
doubleton_G7_Soil_Fixed_24_E2,24,1496,NTC,Standard,47°C,QB,E2,2,E,fixed cycles,G7,Soil_Fixed_24,5,plate_5: 24 cycles Soil,G7_5_E2,doubleton_QB_Standard_fixed cycles_NTC_47°C,cycle_24,doubleton,D_G7_5_E2,G7_Soil_Fixed_24_E2,QB_Standard_fixed cycles_NTC_47°C,47C,5E2,NA,NA,NA,NA,NA,NA,NA,NA,NA,NA,NA,NA,NA,NA,NA,NA,NA,NA,NA,NA,NA,NA,NA,NA,NA,NA,NA,NA
doubleton_G7_Soil_Fixed_24_E3,24,820,NTC,Standard,52°C,QB,E3,3,E,fixed cycles,G7,Soil_Fixed_24,5,plate_5: 24 cycles Soil,G7_5_E3,doubleton_QB_Standard_fixed cycles_NTC_52°C,cycle_24,doubleton,D_G7_5_E3,G7_Soil_Fixed_24_E3,QB_Standard_fixed cycles_NTC_52°C,52C,5E3,NA,NA,NA,NA,NA,NA,NA,NA,NA,NA,NA,NA,NA,NA,NA,NA,NA,NA,NA,NA,NA,NA,NA,NA,NA,NA,NA,NA
doubleton_G7_Soil_Fixed_24_E4,24,1453,NTC,Standard,57°C,QB,E4,4,E,fixed cycles,G7,Soil_Fixed_24,5,plate_5: 24 cycles Soil,G7_5_E4,doubleton_QB_Standard_fixed cycles_NTC_57°C,cycle_24,doubleton,D_G7_5_E4,G7_Soil_Fixed_24_E4,QB_Standard_fixed cycles_NTC_57°C,57C,5E4,NA,NA,NA,NA,NA,NA,NA,NA,NA,NA,NA,NA,NA,NA,NA,NA,NA,NA,NA,NA,NA,NA,NA,NA,NA,NA,NA,NA
doubleton_G7_Soil_Fixed_24_F2,24,1747,NTC,Standard,47°C,QB,F2,2,F,fixed cycles,G7,Soil_Fixed_24,5,plate_5: 24 cycles Soil,G7_5_F2,doubleton_QB_Standard_fixed cycles_NTC_47°C,cycle_24,doubleton,D_G7_5_F2,G7_Soil_Fixed_24_F2,QB_Standard_fixed cycles_NTC_47°C,47C,5F2,NA,NA,NA,NA,NA,NA,NA,NA,NA,NA,NA,NA,NA,NA,NA,NA,NA,NA,NA,NA,NA,NA,NA,NA,NA,NA,NA,NA
doubleton_G7_Soil_Fixed_24_F3,24,1465,NTC,Standard,52°C,QB,F3,3,F,fixed cycles,G7,Soil_Fixed_24,5,plate_5: 24 cycles Soil,G7_5_F3,doubleton_QB_Standard_fixed cycles_NTC_52°C,cycle_24,doubleton,D_G7_5_F3,G7_Soil_Fixed_24_F3,QB_Standard_fixed cycles_NTC_52°C,52C,5F3,NA,NA,NA,NA,NA,NA,NA,NA,NA,NA,NA,NA,NA,NA,NA,NA,NA,NA,NA,NA,NA,NA,NA,NA,NA,NA,NA,NA
doubleton_G7_Soil_Fixed_24_F4,24,1310,NTC,Standard,57°C,QB,F4,4,F,fixed cycles,G7,Soil_Fixed_24,5,plate_5: 24 cycles Soil,G7_5_F4,doubleton_QB_Standard_fixed cycles_NTC_57°C,cycle_24,doubleton,D_G7_5_F4,G7_Soil_Fixed_24_F4,QB_Standard_fixed cycles_NTC_57°C,57C,5F4,NA,NA,NA,NA,NA,NA,NA,NA,NA,NA,NA,NA,NA,NA,NA,NA,NA,NA,NA,NA,NA,NA,NA,NA,NA,NA,NA,NA
doubleton_G7_Soil_Fixed_24_G2,24,1020,NTC,Standard,47°C,QB,G2,2,G,fixed cycles,G7,Soil_Fixed_24,5,plate_5: 24 cycles Soil,G7_5_G2,doubleton_QB_Standard_fixed cycles_NTC_47°C,cycle_24,doubleton,D_G7_5_G2,G7_Soil_Fixed_24_G2,QB_Standard_fixed cycles_NTC_47°C,47C,5G2,NA,NA,NA,NA,NA,NA,NA,NA,NA,NA,NA,NA,NA,NA,NA,NA,NA,NA,NA,NA,NA,NA,NA,NA,NA,NA,NA,NA
doubleton_G7_Soil_Fixed_24_G3,24,1020,NTC,Standard,52°C,QB,G3,3,G,fixed cycles,G7,Soil_Fixed_24,5,plate_5: 24 cycles Soil,G7_5_G3,doubleton_QB_Standard_fixed cycles_NTC_52°C,cycle_24,doubleton,D_G7_5_G3,G7_Soil_Fixed_24_G3,QB_Standard_fixed cycles_NTC_52°C,52C,5G3,NA,NA,NA,NA,NA,NA,NA,NA,NA,NA,NA,NA,NA,NA,NA,NA,NA,NA,NA,NA,NA,NA,NA,NA,NA,NA,NA,NA
doubleton_G7_Soil_Fixed_24_G4,24,1470,NTC,Standard,57°C,QB,G4,4,G,fixed cycles,G7,Soil_Fixed_24,5,plate_5: 24 cycles Soil,G7_5_G4,doubleton_QB_Standard_fixed cycles_NTC_57°C,cycle_24,doubleton,D_G7_5_G4,G7_Soil_Fixed_24_G4,QB_Standard_fixed cycles_NTC_57°C,57C,5G4,NA,NA,NA,NA,NA,NA,NA,NA,NA,NA,NA,NA,NA,NA,NA,NA,NA,NA,NA,NA,NA,NA,NA,NA,NA,NA,NA,NA
doubleton_G7_Soil_Fixed_24_H2,24,882,NTC,Standard,47°C,QB,H2,2,H,fixed cycles,G7,Soil_Fixed_24,5,plate_5: 24 cycles Soil,G7_5_H2,doubleton_QB_Standard_fixed cycles_NTC_47°C,cycle_24,doubleton,D_G7_5_H2,G7_Soil_Fixed_24_H2,QB_Standard_fixed cycles_NTC_47°C,47C,5H2,NA,NA,NA,NA,NA,NA,NA,NA,NA,NA,NA,NA,NA,NA,NA,NA,NA,NA,NA,NA,NA,NA,NA,NA,NA,NA,NA,NA
doubleton_G7_Soil_Fixed_24_H3,24,1399,NTC,Standard,52°C,QB,H3,3,H,fixed cycles,G7,Soil_Fixed_24,5,plate_5: 24 cycles Soil,G7_5_H3,doubleton_QB_Standard_fixed cycles_NTC_52°C,cycle_24,doubleton,D_G7_5_H3,G7_Soil_Fixed_24_H3,QB_Standard_fixed cycles_NTC_52°C,52C,5H3,NA,NA,NA,NA,NA,NA,NA,NA,NA,NA,NA,NA,NA,NA,NA,NA,NA,NA,NA,NA,NA,NA,NA,NA,NA,NA,NA,NA
doubleton_G7_Soil_Fixed_24_H4,24,661,NTC,Standard,57°C,QB,H4,4,H,fixed cycles,G7,Soil_Fixed_24,5,plate_5: 24 cycles Soil,G7_5_H4,doubleton_QB_Standard_fixed cycles_NTC_57°C,cycle_24,doubleton,D_G7_5_H4,G7_Soil_Fixed_24_H4,QB_Standard_fixed cycles_NTC_57°C,57C,5H4,NA,NA,NA,NA,NA,NA,NA,NA,NA,NA,NA,NA,NA,NA,NA,NA,NA,NA,NA,NA,NA,NA,NA,NA,NA,NA,NA,NA
doubleton_G7_Soil_FL_5000_A2,16,6248,Soil,Standard,47°C,QB,A2,2,A,targeted fluorescence,G7,Soil_FL_5000,6,plate_6: 17 cycles Soil 5000 TF,G7_6_A2,doubleton_QB_Standard_targeted fluorescence_Soil_47°C,cycle_16,doubleton,D_G7_6_A2,G7_Soil_FL_5000_A2,QB_Standard_targeted fluorescence_Soil_47°C,47C,6A2,6425,30588,21084,787947,removed,30633,65008,52639,80.97,31067,30998,47.68,68674,3666,12369,21572,69,45,410,30588,100,5.34,18.01,31.41,0.1,0.6,0.07,44.54
doubleton_G7_Soil_FL_5000_A3,16,6220,Soil,Standard,52°C,QB,A3,3,A,targeted fluorescence,G7,Soil_FL_5000,6,plate_6: 17 cycles Soil 5000 TF,G7_6_A3,doubleton_QB_Standard_targeted fluorescence_Soil_52°C,cycle_16,doubleton,D_G7_6_A3,G7_Soil_FL_5000_A3,QB_Standard_targeted fluorescence_Soil_52°C,52C,6A3,553,1064,21084,787947,removed,1125,5956,4902,82.3,1128,1127,18.92,6057,101,1054,3774,1,61,63,1064,100,1.67,17.4,62.31,0.02,1.04,1.01,17.57
doubleton_G7_Soil_FL_5000_A4,16,6464,Soil,Standard,57°C,QB,A4,4,A,targeted fluorescence,G7,Soil_FL_5000,6,plate_6: 17 cycles Soil 5000 TF,G7_6_A4,doubleton_QB_Standard_targeted fluorescence_Soil_57°C,cycle_16,doubleton,D_G7_6_A4,G7_Soil_FL_5000_A4,QB_Standard_targeted fluorescence_Soil_57°C,57C,6A4,9148,58543,21084,787947,removed,58586,107018,91540,85.54,59696,59600,55.69,107215,197,15478,31844,96,43,1057,58543,100,0.18,14.44,29.7,0.09,0.99,0.04,54.6
doubleton_G7_Soil_FL_5000_B2,15,5049,Soil,Standard,47°C,QB,B2,2,B,targeted fluorescence,G7,Soil_FL_5000,6,plate_6: 17 cycles Soil 5000 TF,G7_6_B2,doubleton_QB_Standard_targeted fluorescence_Soil_47°C,cycle_15,doubleton,D_G7_6_B2,G7_Soil_FL_5000_B2,QB_Standard_targeted fluorescence_Soil_47°C,47C,6B2,131,204,21084,787947,removed,220,908,656,72.25,221,220,24.23,1014,106,252,435,1,16,16,204,100,10.45,24.85,42.9,0.1,1.58,1.58,20.12
doubleton_G7_Soil_FL_5000_B3,16,6205,Soil,Standard,52°C,QB,B3,3,B,targeted fluorescence,G7,Soil_FL_5000,6,plate_6: 17 cycles Soil 5000 TF,G7_6_B3,doubleton_QB_Standard_targeted fluorescence_Soil_52°C,cycle_16,doubleton,D_G7_6_B3,G7_Soil_FL_5000_B3,QB_Standard_targeted fluorescence_Soil_52°C,52C,6B3,8488,51438,21084,787947,removed,51539,96704,81899,84.69,52443,52340,54.12,98164,1460,14805,29456,103,101,902,51438,100,1.49,15.08,30.01,0.1,0.92,0.1,52.4
doubleton_G7_Soil_FL_5000_B4,15,5246,Soil,Standard,57°C,QB,B4,4,B,targeted fluorescence,G7,Soil_FL_5000,6,plate_6: 17 cycles Soil 5000 TF,G7_6_B4,doubleton_QB_Standard_targeted fluorescence_Soil_57°C,cycle_15,doubleton,D_G7_6_B4,G7_Soil_FL_5000_B4,QB_Standard_targeted fluorescence_Soil_57°C,57C,6B4,7483,40185,21084,787947,removed,40233,71587,61351,85.7,40838,40752,56.93,71711,124,10236,20513,86,48,567,40185,100,0.17,14.27,28.61,0.12,0.79,0.07,56.04
doubleton_G7_Soil_FL_5000_C2,15,5172,Soil,Standard,47°C,QB,C2,2,C,targeted fluorescence,G7,Soil_FL_5000,6,plate_6: 17 cycles Soil 5000 TF,G7_6_C2,doubleton_QB_Standard_targeted fluorescence_Soil_47°C,cycle_15,doubleton,D_G7_6_C2,G7_Soil_FL_5000_C2,QB_Standard_targeted fluorescence_Soil_47°C,47C,6C2,6526,31798,21084,787947,removed,31845,61468,50849,82.72,32319,32258,52.48,63779,2311,10619,18530,61,47,460,31798,100,3.62,16.65,29.05,0.1,0.72,0.07,49.86
doubleton_G7_Soil_FL_5000_C3,15,5240,Soil,Standard,52°C,QB,C3,3,C,targeted fluorescence,G7,Soil_FL_5000,6,plate_6: 17 cycles Soil 5000 TF,G7_6_C3,doubleton_QB_Standard_targeted fluorescence_Soil_52°C,cycle_15,doubleton,D_G7_6_C3,G7_Soil_FL_5000_C3,QB_Standard_targeted fluorescence_Soil_52°C,52C,6C3,8570,50919,21084,787947,removed,50994,90781,77106,84.94,51878,51780,57.04,91952,1171,13675,25228,98,75,861,50919,100,1.27,14.87,27.44,0.11,0.94,0.08,55.38
doubleton_G7_Soil_FL_5000_C4,16,6417,Soil,Standard,57°C,QB,C4,4,C,targeted fluorescence,G7,Soil_FL_5000,6,plate_6: 17 cycles Soil 5000 TF,G7_6_C4,doubleton_QB_Standard_targeted fluorescence_Soil_57°C,cycle_16,doubleton,D_G7_6_C4,G7_Soil_FL_5000_C4,QB_Standard_targeted fluorescence_Soil_57°C,57C,6C4,11161,86494,21084,787947,removed,86568,149715,128003,85.5,88541,88355,59.02,150041,326,21712,39462,186,74,1861,86494,100,0.22,14.47,26.3,0.12,1.24,0.05,57.65
doubleton_G7_Soil_FL_5000_D2,15,5420,Soil,Standard,47°C,QB,D2,2,D,targeted fluorescence,G7,Soil_FL_5000,6,plate_6: 17 cycles Soil 5000 TF,G7_6_D2,doubleton_QB_Standard_targeted fluorescence_Soil_47°C,cycle_15,doubleton,D_G7_6_D2,G7_Soil_FL_5000_D2,QB_Standard_targeted fluorescence_Soil_47°C,47C,6D2,6713,32108,21084,787947,removed,32152,60979,50586,82.96,32600,32538,53.36,63198,2219,10393,17986,62,44,430,32108,100,3.51,16.45,28.46,0.1,0.68,0.07,50.81
doubleton_G7_Soil_FL_5000_D3,15,5205,Soil,Standard,52°C,QB,D3,3,D,targeted fluorescence,G7,Soil_FL_5000,6,plate_6: 17 cycles Soil 5000 TF,G7_6_D3,doubleton_QB_Standard_targeted fluorescence_Soil_52°C,cycle_15,doubleton,D_G7_6_D3,G7_Soil_FL_5000_D3,QB_Standard_targeted fluorescence_Soil_52°C,52C,6D3,9127,57471,21084,787947,removed,57544,101062,86034,85.13,58588,58489,57.87,102318,1256,15028,27446,99,73,1018,57471,100,1.23,14.69,26.82,0.1,0.99,0.07,56.17
doubleton_G7_Soil_FL_5000_D4,15,5213,Soil,Standard,57°C,QB,D4,4,D,targeted fluorescence,G7,Soil_FL_5000,6,plate_6: 17 cycles Soil 5000 TF,G7_6_D4,doubleton_QB_Standard_targeted fluorescence_Soil_57°C,cycle_15,doubleton,D_G7_6_D4,G7_Soil_FL_5000_D4,QB_Standard_targeted fluorescence_Soil_57°C,57C,6D4,8932,55893,21084,787947,removed,56105,98150,83981,85.56,57139,57033,58.11,98330,180,14169,26842,106,212,1140,55893,100,0.18,14.41,27.3,0.11,1.16,0.22,56.84
doubleton_G7_Soil_FL_5000_E2,17,893,NTC,Standard,47°C,QB,E2,2,E,fixed cycles,G7,Soil_FL_5000,6,plate_6: 17 cycles Soil 5000 TF,G7_6_E2,doubleton_QB_Standard_fixed cycles_NTC_47°C,cycle_17,doubleton,D_G7_6_E2,G7_Soil_FL_5000_E2,QB_Standard_fixed cycles_NTC_47°C,47C,6E2,NA,NA,NA,NA,NA,NA,NA,NA,NA,NA,NA,NA,NA,NA,NA,NA,NA,NA,NA,NA,NA,NA,NA,NA,NA,NA,NA,NA
doubleton_G7_Soil_FL_5000_E3,17,828,NTC,Standard,52°C,QB,E3,3,E,fixed cycles,G7,Soil_FL_5000,6,plate_6: 17 cycles Soil 5000 TF,G7_6_E3,doubleton_QB_Standard_fixed cycles_NTC_52°C,cycle_17,doubleton,D_G7_6_E3,G7_Soil_FL_5000_E3,QB_Standard_fixed cycles_NTC_52°C,52C,6E3,NA,NA,NA,NA,NA,NA,NA,NA,NA,NA,NA,NA,NA,NA,NA,NA,NA,NA,NA,NA,NA,NA,NA,NA,NA,NA,NA,NA
doubleton_G7_Soil_FL_5000_E4,17,726,NTC,Standard,57°C,QB,E4,4,E,fixed cycles,G7,Soil_FL_5000,6,plate_6: 17 cycles Soil 5000 TF,G7_6_E4,doubleton_QB_Standard_fixed cycles_NTC_57°C,cycle_17,doubleton,D_G7_6_E4,G7_Soil_FL_5000_E4,QB_Standard_fixed cycles_NTC_57°C,57C,6E4,NA,NA,NA,NA,NA,NA,NA,NA,NA,NA,NA,NA,NA,NA,NA,NA,NA,NA,NA,NA,NA,NA,NA,NA,NA,NA,NA,NA
doubleton_G7_Soil_FL_5000_F2,17,830,NTC,Standard,47°C,QB,F2,2,F,fixed cycles,G7,Soil_FL_5000,6,plate_6: 17 cycles Soil 5000 TF,G7_6_F2,doubleton_QB_Standard_fixed cycles_NTC_47°C,cycle_17,doubleton,D_G7_6_F2,G7_Soil_FL_5000_F2,QB_Standard_fixed cycles_NTC_47°C,47C,6F2,NA,NA,NA,NA,NA,NA,NA,NA,NA,NA,NA,NA,NA,NA,NA,NA,NA,NA,NA,NA,NA,NA,NA,NA,NA,NA,NA,NA
doubleton_G7_Soil_FL_5000_F3,17,718,NTC,Standard,52°C,QB,F3,3,F,fixed cycles,G7,Soil_FL_5000,6,plate_6: 17 cycles Soil 5000 TF,G7_6_F3,doubleton_QB_Standard_fixed cycles_NTC_52°C,cycle_17,doubleton,D_G7_6_F3,G7_Soil_FL_5000_F3,QB_Standard_fixed cycles_NTC_52°C,52C,6F3,NA,NA,NA,NA,NA,NA,NA,NA,NA,NA,NA,NA,NA,NA,NA,NA,NA,NA,NA,NA,NA,NA,NA,NA,NA,NA,NA,NA
doubleton_G7_Soil_FL_5000_F4,17,744,NTC,Standard,57°C,QB,F4,4,F,fixed cycles,G7,Soil_FL_5000,6,plate_6: 17 cycles Soil 5000 TF,G7_6_F4,doubleton_QB_Standard_fixed cycles_NTC_57°C,cycle_17,doubleton,D_G7_6_F4,G7_Soil_FL_5000_F4,QB_Standard_fixed cycles_NTC_57°C,57C,6F4,NA,NA,NA,NA,NA,NA,NA,NA,NA,NA,NA,NA,NA,NA,NA,NA,NA,NA,NA,NA,NA,NA,NA,NA,NA,NA,NA,NA
doubleton_G7_Soil_FL_5000_G2,17,805,NTC,Standard,47°C,QB,G2,2,G,fixed cycles,G7,Soil_FL_5000,6,plate_6: 17 cycles Soil 5000 TF,G7_6_G2,doubleton_QB_Standard_fixed cycles_NTC_47°C,cycle_17,doubleton,D_G7_6_G2,G7_Soil_FL_5000_G2,QB_Standard_fixed cycles_NTC_47°C,47C,6G2,NA,NA,NA,NA,NA,NA,NA,NA,NA,NA,NA,NA,NA,NA,NA,NA,NA,NA,NA,NA,NA,NA,NA,NA,NA,NA,NA,NA
doubleton_G7_Soil_FL_5000_G3,17,790,NTC,Standard,52°C,QB,G3,3,G,fixed cycles,G7,Soil_FL_5000,6,plate_6: 17 cycles Soil 5000 TF,G7_6_G3,doubleton_QB_Standard_fixed cycles_NTC_52°C,cycle_17,doubleton,D_G7_6_G3,G7_Soil_FL_5000_G3,QB_Standard_fixed cycles_NTC_52°C,52C,6G3,NA,NA,NA,NA,NA,NA,NA,NA,NA,NA,NA,NA,NA,NA,NA,NA,NA,NA,NA,NA,NA,NA,NA,NA,NA,NA,NA,NA
doubleton_G7_Soil_FL_5000_G4,17,688,NTC,Standard,57°C,QB,G4,4,G,fixed cycles,G7,Soil_FL_5000,6,plate_6: 17 cycles Soil 5000 TF,G7_6_G4,doubleton_QB_Standard_fixed cycles_NTC_57°C,cycle_17,doubleton,D_G7_6_G4,G7_Soil_FL_5000_G4,QB_Standard_fixed cycles_NTC_57°C,57C,6G4,NA,NA,NA,NA,NA,NA,NA,NA,NA,NA,NA,NA,NA,NA,NA,NA,NA,NA,NA,NA,NA,NA,NA,NA,NA,NA,NA,NA
doubleton_G7_Soil_FL_5000_H2,17,761,NTC,Standard,47°C,QB,H2,2,H,fixed cycles,G7,Soil_FL_5000,6,plate_6: 17 cycles Soil 5000 TF,G7_6_H2,doubleton_QB_Standard_fixed cycles_NTC_47°C,cycle_17,doubleton,D_G7_6_H2,G7_Soil_FL_5000_H2,QB_Standard_fixed cycles_NTC_47°C,47C,6H2,NA,NA,NA,NA,NA,NA,NA,NA,NA,NA,NA,NA,NA,NA,NA,NA,NA,NA,NA,NA,NA,NA,NA,NA,NA,NA,NA,NA
doubleton_G7_Soil_FL_5000_H3,17,709,NTC,Standard,52°C,QB,H3,3,H,fixed cycles,G7,Soil_FL_5000,6,plate_6: 17 cycles Soil 5000 TF,G7_6_H3,doubleton_QB_Standard_fixed cycles_NTC_52°C,cycle_17,doubleton,D_G7_6_H3,G7_Soil_FL_5000_H3,QB_Standard_fixed cycles_NTC_52°C,52C,6H3,NA,NA,NA,NA,NA,NA,NA,NA,NA,NA,NA,NA,NA,NA,NA,NA,NA,NA,NA,NA,NA,NA,NA,NA,NA,NA,NA,NA
doubleton_G7_Soil_FL_5000_H4,17,718,NTC,Standard,57°C,QB,H4,4,H,fixed cycles,G7,Soil_FL_5000,6,plate_6: 17 cycles Soil 5000 TF,G7_6_H4,doubleton_QB_Standard_fixed cycles_NTC_57°C,cycle_17,doubleton,D_G7_6_H4,G7_Soil_FL_5000_H4,QB_Standard_fixed cycles_NTC_57°C,57C,6H4,NA,NA,NA,NA,NA,NA,NA,NA,NA,NA,NA,NA,NA,NA,NA,NA,NA,NA,NA,NA,NA,NA,NA,NA,NA,NA,NA,NA
